"timestamp","commit_used_gb","commit_limit_gb","commit_pct","ram_available_gb","process_private_gb"
"2026-08-31T15:58:09.0446905+08:00","18.105","73.637","24.587","17.589","5.073"
"2026-08-31T15:58:25.1024324+08:00","18.142","73.637","24.637","17.569","5.073"
"2026-08-31T15:58:41.1293341+08:00","18.126","73.637","24.615","17.581","5.078"
"2026-08-31T15:58:57.1410123+08:00","18.1","73.637","24.579","17.599","5.073"
"2026-08-31T15:59:13.1651351+08:00","18.108","73.637","24.59","17.595","5.074"
"2026-08-31T15:59:29.1830319+08:00","18.215","73.637","24.736","17.473","5.074"
"2026-08-31T15:59:45.2118847+08:00","18.256","73.637","24.792","17.436","5.074"
"2026-08-31T16:00:01.2378306+08:00","18.144","73.637","24.639","17.525","5.074"
"2026-08-31T16:00:17.2638114+08:00","18.218","73.637","24.741","17.478","5.074"
"2026-08-31T16:00:33.2893454+08:00","18.263","73.637","24.801","17.447","5.079"
"2026-08-31T16:00:49.3062876+08:00","18.27","73.637","24.81","17.456","5.074"
"2026-08-31T16:01:05.3254917+08:00","18.204","73.637","24.721","17.484","5.074"
"2026-08-31T16:01:21.3465740+08:00","18.267","73.637","24.807","17.437","5.074"
"2026-08-31T16:01:37.3847129+08:00","18.15","73.637","24.647","17.56","5.074"
"2026-08-31T16:01:53.4050320+08:00","18.163","73.637","24.666","17.572","5.074"
"2026-08-31T16:02:09.4140747+08:00","18.171","73.637","24.676","17.548","5.074"
"2026-08-31T16:02:25.4471080+08:00","18.118","73.637","24.605","17.615","5.074"
"2026-08-31T16:02:41.4662019+08:00","18.089","73.637","24.565","17.662","5.074"
"2026-08-31T16:02:57.4861275+08:00","18.083","73.637","24.557","17.673","5.079"
"2026-08-31T16:03:13.5072295+08:00","18.141","73.637","24.635","17.614","5.075"
"2026-08-31T16:03:29.5333875+08:00","18.169","73.637","24.673","17.598","5.074"
"2026-08-31T16:03:45.5682244+08:00","18.171","73.637","24.677","17.604","5.075"
"2026-08-31T16:04:01.5854956+08:00","18.141","73.637","24.635","17.66","5.074"
"2026-08-31T16:04:17.6167942+08:00","18.194","73.637","24.707","17.604","5.075"
"2026-08-31T16:04:33.6389350+08:00","18.231","73.637","24.758","17.577","5.074"
"2026-08-31T16:04:49.6490512+08:00","18.147","73.637","24.643","17.683","5.075"
"2026-08-31T16:05:05.6680738+08:00","18.191","73.637","24.704","17.635","5.074"
"2026-08-31T16:05:21.6894947+08:00","18.292","73.637","24.84","17.515","5.074"
"2026-08-31T16:05:37.7173191+08:00","18.315","73.637","24.872","17.5","5.074"
"2026-08-31T16:05:53.7407209+08:00","18.153","73.637","24.652","17.662","5.074"
"2026-08-31T16:06:09.7630534+08:00","18.23","73.637","24.756","17.592","5.074"
"2026-08-31T16:06:25.7817882+08:00","18.336","73.637","24.9","17.496","5.074"
"2026-08-31T16:06:41.8129202+08:00","18.228","73.637","24.754","17.624","5.074"
"2026-08-31T16:06:57.8393125+08:00","18.291","73.637","24.84","18.006","5.079"
"2026-08-31T16:07:13.8648291+08:00","18.334","73.637","24.898","17.848","5.078"
"2026-08-31T16:07:29.8805993+08:00","18.252","73.637","24.786","17.893","5.075"
"2026-08-31T16:07:45.8968006+08:00","18.25","73.637","24.783","17.896","5.074"
"2026-08-31T16:08:01.9200388+08:00","18.165","73.637","24.668","18.004","5.074"
"2026-08-31T16:08:17.9521762+08:00","18.144","73.637","24.639","18.042","5.078"
"2026-08-31T16:08:33.9648085+08:00","18.15","73.637","24.648","18.026","5.074"
"2026-08-31T16:08:49.9852433+08:00","18.103","73.637","24.584","18.087","5.075"
"2026-08-31T16:09:06.0216921+08:00","18.153","73.637","24.652","18.054","5.078"
"2026-08-31T16:09:22.0561219+08:00","18.198","73.637","24.713","18","5.075"
"2026-08-31T16:09:38.0852280+08:00","18.208","73.637","24.727","17.981","5.074"
"2026-08-31T16:09:54.1044640+08:00","18.157","73.637","24.657","18.041","5.079"
"2026-08-31T16:10:10.1418147+08:00","18.182","73.637","24.691","18.034","5.075"
"2026-08-31T16:10:26.1651441+08:00","18.211","73.637","24.731","17.98","5.075"
"2026-08-31T16:10:42.1769199+08:00","18.19","73.637","24.702","17.99","5.074"
"2026-08-31T16:10:58.1953276+08:00","18.187","73.637","24.698","17.862","5.074"
"2026-08-31T16:11:14.2218945+08:00","18.257","73.637","24.793","18.277","5.075"
"2026-08-31T16:11:30.2509736+08:00","18.338","73.637","24.903","18.084","5.074"
"2026-08-31T16:11:46.2849703+08:00","18.257","73.637","24.793","18.169","5.079"
"2026-08-31T16:12:02.3015932+08:00","18.269","73.637","24.81","17.905","5.074"
"2026-08-31T16:12:18.3301304+08:00","18.359","73.637","24.931","17.821","5.074"
"2026-08-31T16:12:34.3588471+08:00","18.228","73.637","24.754","17.968","5.074"
"2026-08-31T16:12:50.3870433+08:00","18.252","73.637","24.787","17.965","5.074"
"2026-08-31T16:13:06.4165442+08:00","18.288","73.637","24.835","17.918","5.074"
"2026-08-31T16:13:22.4337043+08:00","18.233","73.637","24.76","17.96","5.074"
"2026-08-31T16:13:38.4619158+08:00","18.221","73.637","24.744","17.992","5.074"
"2026-08-31T16:13:54.4900692+08:00","18.204","73.637","24.721","18.012","5.074"
"2026-08-31T16:14:10.5156525+08:00","18.202","73.637","24.718","18.004","5.074"
"2026-08-31T16:14:26.5405794+08:00","18.18","73.637","24.689","18.022","5.074"
"2026-08-31T16:14:42.5695386+08:00","18.241","73.637","24.772","18.446","5.074"
"2026-08-31T16:14:58.5862596+08:00","18.283","73.637","24.829","18.26","5.074"
"2026-08-31T16:15:14.6064418+08:00","18.18","73.637","24.689","18.341","5.074"
"2026-08-31T16:15:30.6336683+08:00","18.174","73.637","24.68","18.354","5.074"
"2026-08-31T16:15:46.6616077+08:00","18.196","73.637","24.71","18.345","5.074"
"2026-08-31T16:16:02.6844239+08:00","18.183","73.637","24.693","18.352","5.074"
"2026-08-31T16:16:18.7088081+08:00","18.101","73.637","24.581","18.414","5.074"
"2026-08-31T16:16:34.7279051+08:00","18.086","73.637","24.561","18.442","5.074"
"2026-08-31T16:16:50.7654093+08:00","18.101","73.637","24.581","18.441","5.074"
"2026-08-31T16:17:06.7893762+08:00","18.143","73.637","24.639","18.397","5.079"
"2026-08-31T16:17:22.8153836+08:00","18.153","73.637","24.652","18.365","5.078"
"2026-08-31T16:17:38.8444588+08:00","18.154","73.637","24.653","18.37","5.074"
"2026-08-31T16:17:54.8688085+08:00","18.146","73.637","24.642","18.372","5.079"
"2026-08-31T16:18:10.8817236+08:00","18.149","73.637","24.647","18.372","5.074"
"2026-08-31T16:18:26.8903909+08:00","18.173","73.637","24.678","18.29","5.074"
"2026-08-31T16:18:42.9152398+08:00","18.161","73.637","24.663","18.297","5.075"
"2026-08-31T16:18:58.9338378+08:00","18.137","73.637","24.63","18.189","5.075"
"2026-08-31T16:19:14.9977387+08:00","18.219","73.637","24.741","17.984","5.079"
"2026-08-31T16:19:31.0162726+08:00","18.244","73.637","24.775","18.462","5.075"
"2026-08-31T16:19:47.0373769+08:00","18.07","73.637","24.539","18.616","5.074"
"2026-08-31T16:20:03.0555046+08:00","18.09","73.637","24.566","18.611","5.079"
"2026-08-31T16:20:19.0890955+08:00","18.103","73.637","24.584","18.589","5.075"
"2026-08-31T16:20:35.1063621+08:00","18.117","73.637","24.603","18.573","5.074"
"2026-08-31T16:20:51.1204991+08:00","18.097","73.637","24.576","18.59","5.074"
"2026-08-31T16:21:07.1419297+08:00","18.111","73.637","24.595","18.564","5.074"
"2026-08-31T16:21:23.1716837+08:00","18.124","73.637","24.612","18.553","5.074"
"2026-08-31T16:21:39.2030257+08:00","18.135","73.637","24.627","18.57","5.074"
"2026-08-31T16:21:55.2303390+08:00","18.12","73.637","24.608","18.762","5.074"
"2026-08-31T16:22:11.2471238+08:00","18.112","73.637","24.596","18.726","5.074"
"2026-08-31T16:22:27.2586170+08:00","18.166","73.637","24.67","18.334","5.079"
"2026-08-31T16:22:43.2918688+08:00","18.23","73.637","24.757","18.091","5.074"
"2026-08-31T16:22:59.3157357+08:00","18.095","73.637","24.574","18.206","5.075"
"2026-08-31T16:23:15.3384263+08:00","18.32","73.637","24.878","17.981","5.075"
"2026-08-31T16:23:31.3601355+08:00","18.267","73.637","24.807","18.036","5.075"
"2026-08-31T16:23:47.3845674+08:00","18.119","73.637","24.606","18.174","5.075"
"2026-08-31T16:24:03.4096440+08:00","18.196","73.637","24.711","18.118","5.074"
"2026-08-31T16:24:19.4300829+08:00","18.34","73.637","24.905","17.961","5.079"
"2026-08-31T16:24:35.4600543+08:00","18.161","73.637","24.662","18.141","5.074"
"2026-08-31T16:24:51.4901823+08:00","18.119","73.637","24.606","18.198","5.074"
"2026-08-31T16:25:07.5206399+08:00","18.134","73.637","24.626","18.192","5.074"
"2026-08-31T16:25:23.5519222+08:00","18.174","73.637","24.681","18.149","5.079"
"2026-08-31T16:25:39.5700803+08:00","18.189","73.637","24.701","18.128","5.074"
"2026-08-31T16:25:55.5847536+08:00","18.208","73.637","24.727","18.154","5.074"
"2026-08-31T16:26:11.6123021+08:00","18.257","73.637","24.792","18.101","5.074"
"2026-08-31T16:26:27.6404352+08:00","18.172","73.637","24.678","18.183","5.075"
"2026-08-31T16:26:43.6749184+08:00","18.175","73.637","24.682","18.174","5.074"
"2026-08-31T16:26:59.6952498+08:00","18.152","73.637","24.651","18.199","5.074"
"2026-08-31T16:27:15.7182022+08:00","18.155","73.637","24.654","18.179","5.074"
"2026-08-31T16:27:31.7351719+08:00","18.118","73.637","24.604","18.24","5.079"
"2026-08-31T16:27:47.7598263+08:00","18.062","73.637","24.528","18.289","5.074"
"2026-08-31T16:28:03.7740452+08:00","18.076","73.637","24.547","18.28","5.074"
"2026-08-31T16:28:19.8058877+08:00","18.165","73.637","24.669","18.188","5.075"
"2026-08-31T16:28:35.8325046+08:00","18.171","73.637","24.677","18.188","5.074"
"2026-08-31T16:28:51.8618183+08:00","18.108","73.637","24.59","18.245","5.079"
"2026-08-31T16:29:07.8842272+08:00","18.121","73.637","24.608","18.244","5.074"
"2026-08-31T16:29:23.9031801+08:00","18.162","73.637","24.664","18.193","5.074"
"2026-08-31T16:29:39.9325588+08:00","18.173","73.637","24.679","18.155","5.074"
"2026-08-31T16:29:55.9627475+08:00","18.137","73.637","24.63","18.193","5.075"
"2026-08-31T16:30:11.9930107+08:00","18.198","73.637","24.713","18.113","5.074"
"2026-08-31T16:30:28.0176279+08:00","18.326","73.637","24.887","17.968","5.074"
"2026-08-31T16:30:44.0399428+08:00","18.174","73.637","24.68","18.118","5.074"
"2026-08-31T16:31:00.0531522+08:00","18.144","73.637","24.64","18.15","5.079"
"2026-08-31T16:31:16.0757426+08:00","18.15","73.637","24.648","18.063","5.074"
"2026-08-31T16:31:32.0972056+08:00","18.304","73.637","24.856","17.687","5.074"
"2026-08-31T16:31:48.1204997+08:00","18.197","73.637","24.712","17.974","5.079"
"2026-08-31T16:32:04.1473776+08:00","18.205","73.637","24.722","17.946","5.074"
"2026-08-31T16:32:20.1800814+08:00","18.283","73.637","24.829","17.881","5.074"
"2026-08-31T16:32:36.1982534+08:00","18.292","73.637","24.84","17.889","5.074"
"2026-08-31T16:32:52.2091363+08:00","18.27","73.637","24.811","17.916","5.074"
"2026-08-31T16:33:08.2434869+08:00","18.247","73.637","24.78","17.937","5.079"
"2026-08-31T16:33:24.2752600+08:00","18.269","73.637","24.809","17.949","5.074"
"2026-08-31T16:33:40.3049653+08:00","18.25","73.637","24.784","17.96","5.074"
"2026-08-31T16:33:56.3184870+08:00","18.2","73.637","24.715","18.026","5.079"
"2026-08-31T16:34:12.3287714+08:00","18.231","73.637","24.758","17.96","5.075"
"2026-08-31T16:34:28.3492687+08:00","18.306","73.637","24.86","18.409","5.075"
"2026-08-31T16:34:44.3787663+08:00","18.341","73.637","24.907","18.283","5.074"
"2026-08-31T16:35:00.4017203+08:00","18.222","73.637","24.745","18.38","5.075"
"2026-08-31T16:35:16.4302636+08:00","18.253","73.637","24.787","18.257","5.075"
"2026-08-31T16:35:32.4534662+08:00","18.323","73.637","24.883","18.517","5.074"
"2026-08-31T16:35:48.4767644+08:00","18.353","73.637","24.923","18.354","5.074"
"2026-08-31T16:36:04.5017866+08:00","18.267","73.637","24.807","18.33","5.074"
"2026-08-31T16:36:20.5315962+08:00","18.347","73.637","24.916","18.116","5.074"
"2026-08-31T16:36:36.5594604+08:00","18.362","73.637","24.936","18.108","5.074"
"2026-08-31T16:36:52.5830265+08:00","18.234","73.637","24.762","18.231","5.075"
"2026-08-31T16:37:08.5968967+08:00","18.246","73.637","24.778","18.231","5.074"
"2026-08-31T16:37:24.6307073+08:00","18.224","73.637","24.748","18.222","5.079"
"2026-08-31T16:37:40.6547774+08:00","18.197","73.637","24.711","18.222","5.079"
"2026-08-31T16:37:56.6897745+08:00","18.206","73.637","24.724","18.222","5.075"
"2026-08-31T16:38:12.7170030+08:00","18.216","73.637","24.737","18.233","5.078"
"2026-08-31T16:38:28.7386694+08:00","18.204","73.637","24.721","18.242","5.076"
"2026-08-31T16:38:44.7601928+08:00","18.176","73.637","24.683","18.241","5.076"
"2026-08-31T16:39:00.7877551+08:00","18.21","73.637","24.729","18.172","5.074"
"2026-08-31T16:39:16.8203021+08:00","18.242","73.637","24.772","18.141","5.075"
"2026-08-31T16:39:32.8425452+08:00","18.313","73.637","24.869","18.033","5.074"
"2026-08-31T16:39:48.8600218+08:00","18.337","73.637","24.902","17.982","5.079"
"2026-08-31T16:40:04.8745891+08:00","18.179","73.637","24.688","18.039","5.074"
"2026-08-31T16:40:20.9057851+08:00","18.222","73.637","24.746","18.062","5.074"
"2026-08-31T16:40:36.9206882+08:00","18.215","73.637","24.736","18.09","5.075"
"2026-08-31T16:40:52.9536359+08:00","18.225","73.637","24.749","18.089","5.076"
"2026-08-31T16:41:08.9734152+08:00","18.229","73.637","24.754","18.095","5.076"
"2026-08-31T16:41:24.9899536+08:00","18.229","73.637","24.755","18.1","5.08"
"2026-08-31T16:41:41.0117373+08:00","18.227","73.637","24.752","18.115","5.074"
"2026-08-31T16:41:57.0320294+08:00","18.231","73.637","24.757","18.103","5.073"
"2026-08-31T16:42:13.0644525+08:00","18.264","73.637","24.802","18.687","5.073"
"2026-08-31T16:42:29.0977252+08:00","18.329","73.637","24.89","18.511","5.069"
"2026-08-31T16:42:45.1250025+08:00","18.361","73.637","24.934","18.32","5.073"
"2026-08-31T16:43:01.1557628+08:00","18.194","73.637","24.708","18.453","5.073"
"2026-08-31T16:43:17.1735477+08:00","18.29","73.637","24.838","18.349","5.073"
"2026-08-31T16:43:33.2002678+08:00","18.309","73.637","24.863","18.338","5.074"
"2026-08-31T16:43:49.2165194+08:00","18.227","73.637","24.753","18.368","5.073"
"2026-08-31T16:44:05.2404392+08:00","18.241","73.637","24.772","18.364","5.074"
"2026-08-31T16:44:21.2527614+08:00","18.283","73.637","24.828","18.326","5.073"
"2026-08-31T16:44:37.2679665+08:00","18.23","73.637","24.757","18.334","5.066"
"2026-08-31T16:44:53.2901770+08:00","18.216","73.637","24.738","18.292","5.069"
"2026-08-31T16:45:09.3129727+08:00","18.306","73.637","24.86","18.048","5.063"
"2026-08-31T16:45:25.3249112+08:00","18.381","73.637","24.962","18.431","5.073"
"2026-08-31T16:45:41.3532271+08:00","18.27","73.637","24.811","18.515","5.073"
"2026-08-31T16:45:57.3768733+08:00","18.306","73.637","24.86","18.64","5.073"
"2026-08-31T16:46:13.3901848+08:00","18.334","73.637","24.898","18.402","5.074"
"2026-08-31T16:46:29.4248062+08:00","18.329","73.637","24.891","18.2","5.074"
"2026-08-31T16:46:45.4489841+08:00","18.398","73.637","24.985","18.083","5.078"
"2026-08-31T16:47:01.4689095+08:00","18.24","73.637","24.77","18.223","5.073"
"2026-08-31T16:47:17.4969066+08:00","18.305","73.637","24.859","18.145","5.073"
"2026-08-31T16:47:33.5196166+08:00","18.301","73.637","24.853","18.156","5.073"
"2026-08-31T16:47:49.5517501+08:00","18.275","73.637","24.817","18.176","5.073"
"2026-08-31T16:48:05.5752152+08:00","18.275","73.637","24.818","18.175","5.073"
"2026-08-31T16:48:21.6041059+08:00","18.369","73.637","24.945","18.51","5.067"
"2026-08-31T16:48:37.6187758+08:00","18.418","73.637","25.012","18.481","5.073"
"2026-08-31T16:48:53.6391468+08:00","18.246","73.637","24.778","18.595","5.056"
"2026-08-31T16:49:09.6619648+08:00","18.182","73.637","24.692","18.648","5.066"
"2026-08-31T16:49:25.6894627+08:00","18.267","73.637","24.807","18.547","5.06"
"2026-08-31T16:49:41.7030030+08:00","18.265","73.637","24.803","18.525","5.073"
"2026-08-31T16:49:57.7328462+08:00","18.25","73.637","24.784","18.545","5.073"
"2026-08-31T16:50:13.7504066+08:00","18.273","73.637","24.814","18.525","5.078"
"2026-08-31T16:50:29.7718571+08:00","18.303","73.637","24.856","18.479","5.073"
"2026-08-31T16:50:45.7919194+08:00","18.32","73.637","24.879","18.423","5.073"
"2026-08-31T16:51:01.8163251+08:00","18.257","73.637","24.793","18.473","5.074"
"2026-08-31T16:51:17.8467507+08:00","18.369","73.637","24.945","18.141","5.074"
"2026-08-31T16:51:33.8665372+08:00","18.446","73.637","25.049","17.905","5.074"
"2026-08-31T16:51:49.8914779+08:00","18.285","73.637","24.831","18.041","5.075"
"2026-08-31T16:52:05.9071146+08:00","18.344","73.637","24.911","17.974","5.074"
"2026-08-31T16:52:21.9229178+08:00","18.398","73.637","24.985","17.945","5.074"
"2026-08-31T16:52:37.9388062+08:00","18.429","73.637","25.026","17.922","5.074"
"2026-08-31T16:52:53.9667447+08:00","18.302","73.637","24.854","18.035","5.074"
"2026-08-31T16:53:09.9956364+08:00","18.375","73.637","24.953","17.969","5.074"
"2026-08-31T16:53:26.0178268+08:00","18.327","73.637","24.889","18.014","5.079"
"2026-08-31T16:53:42.0419535+08:00","18.302","73.637","24.854","18.045","5.074"
"2026-08-31T16:53:58.0646524+08:00","18.292","73.637","24.841","18.018","5.074"
"2026-08-31T16:54:14.0945314+08:00","18.292","73.637","24.841","18.029","5.074"
"2026-08-31T16:54:30.1195308+08:00","18.272","73.637","24.814","18.049","5.079"
"2026-08-31T16:54:46.1334080+08:00","18.363","73.637","24.937","17.942","5.074"
"2026-08-31T16:55:02.1590085+08:00","18.397","73.637","24.983","17.896","5.074"
"2026-08-31T16:55:18.1889058+08:00","18.281","73.637","24.826","18.018","5.079"
"2026-08-31T16:55:34.2095083+08:00","18.256","73.637","24.792","18.035","5.074"
"2026-08-31T16:55:50.2425344+08:00","18.265","73.637","24.804","18.023","5.074"
"2026-08-31T16:56:06.2622989+08:00","18.295","73.637","24.845","17.98","5.074"
"2026-08-31T16:56:22.2895084+08:00","18.288","73.637","24.835","17.983","5.074"
"2026-08-31T16:56:38.3119129+08:00","18.3","73.637","24.852","17.978","5.079"
"2026-08-31T16:56:54.3266569+08:00","18.296","73.637","24.847","17.974","5.074"
"2026-08-31T16:57:10.3536079+08:00","18.308","73.637","24.862","17.945","5.074"
"2026-08-31T16:57:26.3784532+08:00","18.303","73.637","24.856","17.953","5.074"
"2026-08-31T16:57:42.4116502+08:00","18.27","73.637","24.811","17.99","5.074"
"2026-08-31T16:57:58.4422492+08:00","18.276","73.637","24.819","17.98","5.074"
"2026-08-31T16:58:14.4669790+08:00","18.299","73.637","24.85","17.941","5.074"
"2026-08-31T16:58:30.5064150+08:00","18.292","73.637","24.84","17.945","5.074"
"2026-08-31T16:58:46.5400716+08:00","18.278","73.637","24.821","17.955","5.074"
"2026-08-31T16:59:02.5715753+08:00","18.271","73.637","24.812","17.967","5.079"
"2026-08-31T16:59:18.5922944+08:00","18.296","73.637","24.847","18.669","5.075"
"2026-08-31T16:59:34.6118359+08:00","18.315","73.637","24.871","18.481","5.075"
"2026-08-31T16:59:50.6323538+08:00","18.398","73.637","24.984","18.132","5.075"
"2026-08-31T17:00:06.6565382+08:00","18.442","73.637","25.045","17.98","5.078"
"2026-08-31T17:00:22.6833700+08:00","18.307","73.637","24.861","18.086","5.074"
"2026-08-31T17:00:38.7067051+08:00","18.379","73.637","24.958","18.025","5.075"
"2026-08-31T17:00:54.7368931+08:00","18.411","73.637","25.002","17.979","5.074"
"2026-08-31T17:01:10.7578845+08:00","18.354","73.637","24.925","18.039","5.074"
"2026-08-31T17:01:26.7787379+08:00","18.401","73.637","24.989","17.962","5.075"
"2026-08-31T17:01:42.7953655+08:00","18.433","73.637","25.032","17.953","5.074"
"2026-08-31T17:01:58.8056324+08:00","18.348","73.637","24.917","18.026","5.074"
"2026-08-31T17:02:14.8308083+08:00","18.341","73.637","24.907","18.029","5.075"
"2026-08-31T17:02:30.8479347+08:00","18.324","73.637","24.884","18.033","5.074"
"2026-08-31T17:02:46.8758354+08:00","18.339","73.637","24.904","18.014","5.075"
"2026-08-31T17:03:02.8979184+08:00","18.413","73.637","25.005","18.44","5.074"
"2026-08-31T17:03:18.9163167+08:00","18.531","73.637","25.165","18.11","5.074"
"2026-08-31T17:03:34.9415302+08:00","18.403","73.637","24.992","18.208","5.074"
"2026-08-31T17:03:50.9675528+08:00","18.379","73.637","24.958","18.233","5.075"
"2026-08-31T17:04:06.9897894+08:00","18.356","73.637","24.927","18.258","5.074"
"2026-08-31T17:04:23.0130389+08:00","18.417","73.637","25.01","18.195","5.074"
"2026-08-31T17:04:39.0463633+08:00","18.403","73.637","24.991","18.187","5.074"
"2026-08-31T17:04:55.0601751+08:00","18.364","73.637","24.938","18.169","5.074"
"2026-08-31T17:05:11.1008772+08:00","18.382","73.637","24.962","18.143","5.074"
"2026-08-31T17:05:27.1162132+08:00","18.394","73.637","24.979","18.142","5.074"
"2026-08-31T17:05:43.1403611+08:00","18.403","73.637","24.991","18.082","5.075"
"2026-08-31T17:05:59.1678113+08:00","18.356","73.637","24.927","18.128","5.075"
"2026-08-31T17:06:15.1943000+08:00","18.369","73.637","24.945","18.128","5.075"
"2026-08-31T17:06:31.2320082+08:00","18.386","73.637","24.968","17.948","5.074"
"2026-08-31T17:06:47.2515980+08:00","18.398","73.637","24.985","17.817","5.074"
"2026-08-31T17:07:03.2815744+08:00","18.42","73.637","25.014","17.77","5.074"
"2026-08-31T17:07:19.2999263+08:00","18.445","73.637","25.048","17.733","5.079"
"2026-08-31T17:07:35.3300591+08:00","18.381","73.637","24.962","17.712","5.074"
"2026-08-31T17:07:51.3584588+08:00","18.338","73.637","24.903","17.754","5.074"
"2026-08-31T17:08:07.3944832+08:00","18.338","73.637","24.904","17.733","5.074"
"2026-08-31T17:08:23.4238192+08:00","18.397","73.637","24.983","17.677","5.074"
